fixture_id,date,league_name,home_team,away_team,goals_home,goals_away,bookmaker,home_win,draw,away_win,source
380368,2026-03-27 15:00:00+00,International Friendlies,Russia,Mali,,,1xBet,1.8,3.69,5.19,API-Football-closing
150298,2022-12-10 19:00:00+00,FIFA World Cup,England,France,1,2,Pinnacle,3.27,3.24,2.42,API-Football-closing
150321,2022-12-13 19:00:00+00,FIFA World Cup,Argentina,Croatia,3,0,Pinnacle,1.88,3.4,5.05,API-Football-closing
150322,2022-12-14 19:00:00+00,FIFA World Cup,France,Morocco,2,0,Pinnacle,1.55,4,7.59,API-Football-closing
151160,2021-06-11 19:00:00+00,UEFA Euro,Türkiye,Italy,0,3,Pinnacle,8.45,4.44,1.47,API-Football-closing
151161,2021-06-12 13:00:00+00,UEFA Euro,Wales,Switzerland,1,1,Pinnacle,4.01,3.11,2.22,API-Football-closing
151162,2021-06-12 16:00:00+00,UEFA Euro,Denmark,Finland,0,1,Pinnacle,1.45,4.34,9.61,API-Football-closing
151163,2021-06-12 19:00:00+00,UEFA Euro,Belgium,Russia,3,0,Pinnacle,1.77,3.74,5.23,API-Football-closing
152027,2022-06-13 18:45:00+00,UEFA Nations League,France,Croatia,0,1,Pinnacle,1.52,4.31,7.11,The-Odds-API
152026,2022-06-13 18:45:00+00,UEFA Nations League,Denmark,Austria,2,0,Pinnacle,1.81,3.67,4.89,The-Odds-API
152084,2022-06-14 18:45:00+00,UEFA Nations League,Netherlands,Wales,3,2,Pinnacle,1.32,5.42,11.18,The-Odds-API
152028,2022-06-14 18:45:00+00,UEFA Nations League,Poland,Belgium,0,1,Pinnacle,3.53,3.41,2.22,The-Odds-API
152030,2022-06-14 18:45:00+00,UEFA Nations League,Germany,Italy,5,2,Pinnacle,1.79,3.82,4.81,The-Odds-API
152029,2022-06-14 18:45:00+00,UEFA Nations League,England,Hungary,0,4,Pinnacle,1.29,5.63,12.98,The-Odds-API
152038,2022-06-13 14:00:00+00,UEFA Nations League,Kazakhstan,Slovakia,2,1,Betfair,6,3.7,1.77,The-Odds-API
152032,2022-06-13 18:45:00+00,UEFA Nations League,Iceland,Israel,2,2,Betfair,2.98,3.4,2.7,The-Odds-API
152099,2022-06-14 18:45:00+00,UEFA Nations League,Bosnia & Herzegovina,Finland,3,2,Betfair,2.12,3.4,4,The-Odds-API
152035,2022-06-14 18:45:00+00,UEFA Nations League,Romania,Montenegro,0,3,Betfair,1.95,3.35,4.5,The-Odds-API
152033,2022-06-14 16:00:00+00,UEFA Nations League,Armenia,Scotland,1,4,Betfair,7,4,1.59,The-Odds-API
152043,2022-06-14 16:00:00+00,UEFA Nations League,Moldova,andorra,2,1,Betfair,1.61,3.95,7,The-Odds-API
152034,2022-06-14 18:45:00+00,UEFA Nations League,Ukraine,Rep. Of Ireland,1,1,Betfair,1.86,3.65,5.2,The-Odds-API
151244,2021-07-03 16:00:00+00,UEFA Euro,Czech Republic,Denmark,1,2,Pinnacle,3.93,3.28,2.16,API-Football-closing
151245,2021-07-02 19:00:00+00,UEFA Euro,Belgium,Italy,1,2,Pinnacle,3.44,3.2,2.39,API-Football-closing
151248,2021-07-06 19:00:00+00,UEFA Euro,Italy,Spain,1,1,Pinnacle,2.56,3.18,3.18,API-Football-closing
151249,2021-07-07 19:00:00+00,UEFA Euro,England,Denmark,2,1,Pinnacle,1.74,3.65,5.66,API-Football-closing
150445,2024-06-14 19:00:00+00,UEFA Euro,Germany,Scotland,5,1,Pinnacle,1.27,6.24,11.86,API-Football-closing
150446,2024-06-15 13:00:00+00,UEFA Euro,Hungary,Switzerland,1,3,Pinnacle,3.84,3.21,2.19,API-Football-closing
150447,2024-06-15 16:00:00+00,UEFA Euro,Spain,Croatia,3,0,Pinnacle,1.93,3.45,4.47,API-Football-closing
150448,2024-06-15 19:00:00+00,UEFA Euro,Italy,Albania,2,1,Pinnacle,1.4,4.83,9.11,API-Football-closing
150460,2024-06-16 13:00:00+00,UEFA Euro,Poland,Netherlands,1,2,Pinnacle,6.6,4.12,1.57,API-Football-closing
150449,2024-06-16 16:00:00+00,UEFA Euro,Slovenia,Denmark,1,1,Pinnacle,5.18,3.62,1.78,API-Football-closing
150450,2024-06-16 19:00:00+00,UEFA Euro,Serbia,England,0,1,Pinnacle,7.53,4.5,1.48,API-Football-closing
150461,2024-06-17 13:00:00+00,UEFA Euro,Romania,Ukraine,3,0,Pinnacle,4.67,3.58,1.88,API-Football-closing
150452,2024-06-17 16:00:00+00,UEFA Euro,Belgium,Slovakia,0,1,Pinnacle,1.5,4.44,7.12,API-Football-closing
150451,2024-06-17 19:00:00+00,UEFA Euro,Austria,France,0,1,Pinnacle,5.79,4.17,1.62,API-Football-closing
150462,2024-06-18 16:00:00+00,UEFA Euro,Türkiye,Georgia,3,1,Pinnacle,1.75,3.7,5.36,API-Football-closing
150453,2024-06-18 19:00:00+00,UEFA Euro,Portugal,Czech Republic,2,1,Pinnacle,1.5,4.58,6.94,API-Football-closing
150456,2024-06-19 13:00:00+00,UEFA Euro,Croatia,Albania,2,2,Pinnacle,1.46,4.5,7.99,API-Football-closing
150455,2024-06-19 16:00:00+00,UEFA Euro,Germany,Hungary,2,0,Pinnacle,1.26,6.36,12.26,API-Football-closing
150454,2024-06-19 19:00:00+00,UEFA Euro,Scotland,Switzerland,1,1,Pinnacle,4.55,3.67,1.86,API-Football-closing
150459,2024-06-20 13:00:00+00,UEFA Euro,Slovenia,Serbia,1,1,Pinnacle,5.08,3.39,1.86,API-Football-closing
150458,2024-06-20 16:00:00+00,UEFA Euro,Denmark,England,1,1,Pinnacle,6.05,3.77,1.67,API-Football-closing
150457,2024-06-20 19:00:00+00,UEFA Euro,Spain,Italy,1,0,Pinnacle,2.17,3.26,3.82,API-Football-closing
150463,2024-06-21 13:00:00+00,UEFA Euro,Slovakia,Ukraine,1,2,Pinnacle,3.68,3.32,2.07,API-Football-closing
150464,2024-06-21 16:00:00+00,UEFA Euro,Poland,Austria,1,3,Pinnacle,3.79,3.41,2,API-Football-closing
150485,2024-06-21 19:00:00+00,UEFA Euro,Netherlands,France,0,0,Pinnacle,3.85,3.49,1.95,API-Football-closing
150497,2024-06-22 13:00:00+00,UEFA Euro,Georgia,Czech Republic,1,1,Pinnacle,4.51,3.61,1.78,API-Football-closing
150487,2024-06-22 16:00:00+00,UEFA Euro,Türkiye,Portugal,0,3,Pinnacle,5.45,4.26,1.55,API-Football-closing
150486,2024-06-22 19:00:00+00,UEFA Euro,Belgium,Romania,2,0,Pinnacle,1.45,4.39,6.96,API-Football-closing
150488,2024-06-23 19:00:00+00,UEFA Euro,Switzerland,Germany,1,1,Pinnacle,4.84,3.92,1.67,API-Football-closing
150489,2024-06-23 19:00:00+00,UEFA Euro,Scotland,Hungary,0,1,Pinnacle,2.79,3.51,2.43,API-Football-closing
150491,2024-06-24 19:00:00+00,UEFA Euro,Albania,Spain,0,1,Pinnacle,7.43,4.56,1.48,API-Football-closing
150490,2024-06-24 19:00:00+00,UEFA Euro,Croatia,Italy,1,1,Pinnacle,3.23,3.17,2.48,API-Football-closing
150494,2024-06-25 16:00:00+00,UEFA Euro,Netherlands,Austria,2,3,Pinnacle,2.22,3.13,3.88,API-Football-closing
150529,2024-07-05 16:00:00+00,UEFA Euro,Spain,Germany,2,1,Pinnacle,2.72,3.16,2.87,API-Football-closing
150530,2024-07-06 16:00:00+00,UEFA Euro,England,Switzerland,1,1,Pinnacle,2.24,3.03,3.89,API-Football-closing
150533,2024-07-09 19:00:00+00,UEFA Euro,Spain,France,2,1,Pinnacle,2.77,2.85,3.17,API-Football-closing
150534,2024-07-10 19:00:00+00,UEFA Euro,Netherlands,England,1,2,Pinnacle,3.31,2.81,2.71,API-Football-closing
152041,2022-06-14 18:45:00+00,UEFA Nations League,Türkiye,Lithuania,2,0,Betfair,1.1,13.5,42,The-Odds-API
152040,2022-06-14 18:45:00+00,UEFA Nations League,Luxembourg,Faroe Islands,2,2,Betfair,1.46,4.2,8.6,The-Odds-API
152115,2022-06-14 18:45:00+00,UEFA Nations League,Liechtenstein,Latvia,0,2,Betfair,10,5.5,1.35,The-Odds-API
152097,2022-09-21 18:45:00+00,UEFA Nations League,Scotland,Ukraine,3,0,Betfair,2.76,3.3,2.96,The-Odds-API
152120,2022-09-22 16:00:00+00,UEFA Nations League,Latvia,Moldova,1,2,Betfair,1.71,3.7,5.8,The-Odds-API
152117,2022-09-22 18:45:00+00,UEFA Nations League,Liechtenstein,andorra,0,2,Betfair,4.2,3.15,2.12,The-Odds-API
152088,2022-09-22 18:45:00+00,UEFA Nations League,France,Austria,2,0,Pinnacle,1.38,5.09,8.95,The-Odds-API
152109,2022-09-22 18:45:00+00,UEFA Nations League,Slovakia,Azerbaijan,1,2,Betfair,1.4,5,10.5,The-Odds-API
152089,2022-09-22 18:45:00+00,UEFA Nations League,Belgium,Wales,2,1,Pinnacle,1.35,5.41,9.31,The-Odds-API
152085,2022-09-22 18:45:00+00,UEFA Nations League,Croatia,Denmark,2,1,Pinnacle,2.5,3.23,3.15,The-Odds-API
152105,2022-09-22 18:45:00+00,UEFA Nations League,Lithuania,Faroe Islands,1,1,Betfair,2.34,3.25,3.5,The-Odds-API
152107,2022-09-22 18:45:00+00,UEFA Nations League,Türkiye,Luxembourg,3,3,Betfair,1.27,6.6,14,The-Odds-API
152091,2022-09-22 18:45:00+00,UEFA Nations League,Poland,Netherlands,0,2,Pinnacle,3.63,3.71,2.07,The-Odds-API
152122,2022-09-23 16:00:00+00,UEFA Nations League,Estonia,Malta,2,1,Betfair,1.96,3.4,5,The-Odds-API
152111,2022-09-23 16:00:00+00,UEFA Nations League,Georgia,FYR Macedonia,2,0,Betfair,2.2,3.4,3.7,The-Odds-API
152167,2022-09-23 18:45:00+00,UEFA Nations League,Bosnia & Herzegovina,Montenegro,1,0,Betfair,1.76,3.5,5.1,The-Odds-API
152113,2022-09-23 18:45:00+00,UEFA Nations League,Bulgaria,Gibraltar,5,1,Betfair,1.12,11.5,29,The-Odds-API
152095,2022-09-23 18:45:00+00,UEFA Nations League,Italy,England,1,0,Pinnacle,3.02,3.23,2.59,The-Odds-API
152101,2022-09-23 18:45:00+00,UEFA Nations League,Finland,Romania,1,1,Betfair,2.3,3.3,3.45,The-Odds-API
152093,2022-09-23 18:45:00+00,UEFA Nations League,Germany,Hungary,0,1,Pinnacle,1.25,6.32,12.48,The-Odds-API
152163,2022-09-24 13:00:00+00,UEFA Nations League,Armenia,Ukraine,0,5,Betfair,7.4,4.1,1.52,The-Odds-API
152177,2022-09-24 16:00:00+00,UEFA Nations League,Northern Ireland,Kosovo,2,1,Betfair,2.3,3.2,3.5,The-Odds-API
152169,2022-09-24 16:00:00+00,UEFA Nations League,Slovenia,Norway,2,1,Betfair,4.3,3.5,2,The-Odds-API
152171,2022-09-24 18:45:00+00,UEFA Nations League,Israel,Albania,2,1,Betfair,2.36,3.15,3.2,The-Odds-API
152178,2022-09-24 18:45:00+00,UEFA Nations League,Cyprus,Greece,1,0,Betfair,6.6,3.8,1.64,The-Odds-API
152151,2022-09-24 18:45:00+00,UEFA Nations League,Czech Republic,Portugal,0,4,Pinnacle,5.22,3.67,1.77,The-Odds-API
152165,2022-09-24 18:45:00+00,UEFA Nations League,Scotland,Rep. Of Ireland,2,1,Betfair,2.22,3.25,3.8,The-Odds-API
152173,2022-09-24 18:45:00+00,UEFA Nations League,Serbia,Sweden,4,1,Betfair,1.92,3.6,4.5,The-Odds-API
152153,2022-09-24 18:45:00+00,UEFA Nations League,Spain,Switzerland,1,2,Pinnacle,1.47,4.48,7.72,The-Odds-API
152157,2022-09-25 18:45:00+00,UEFA Nations League,Denmark,France,2,0,Betfair,2.78,1.79,1.9,The-Odds-API
152231,2022-09-26 18:45:00+00,UEFA Nations League,Romania,Bosnia & Herzegovina,4,1,Betfair,2.1,3.7,3.85,The-Odds-API
152238,2022-09-26 18:45:00+00,UEFA Nations League,FYR Macedonia,Bulgaria,0,1,Betfair,1.98,3.55,4.6,The-Odds-API
152221,2022-09-26 18:45:00+00,UEFA Nations League,England,Germany,3,3,Pinnacle,2.5,3.44,2.97,The-Odds-API
152244,2022-09-26 18:45:00+00,UEFA Nations League,San Marino,Estonia,0,4,Betfair,18,6.6,1.25,The-Odds-API
152230,2022-09-26 18:45:00+00,UEFA Nations League,Montenegro,Finland,0,2,Betfair,2.7,3.15,3.15,The-Odds-API
152236,2022-09-26 18:45:00+00,UEFA Nations League,Gibraltar,Georgia,1,2,Betfair,22,9.4,1.17,The-Odds-API
152223,2022-09-26 18:45:00+00,UEFA Nations League,Hungary,Italy,0,2,Pinnacle,4.08,3.21,2.12,The-Odds-API
152232,2022-09-27 18:45:00+00,UEFA Nations League,Albania,Iceland,1,1,Betfair,2.1,3.35,4.1,The-Odds-API
152228,2022-09-27 18:45:00+00,UEFA Nations League,Rep. Of Ireland,Armenia,3,2,Betfair,1.37,5,12,The-Odds-API
152242,2022-09-27 18:45:00+00,UEFA Nations League,Kosovo,Cyprus,5,1,Betfair,1.62,4,6.8,The-Odds-API
152227,2022-09-27 18:45:00+00,UEFA Nations League,Switzerland,Czech Republic,2,1,Pinnacle,1.65,3.89,5.9,The-Odds-API
152240,2022-09-27 18:45:00+00,UEFA Nations League,Greece,Northern Ireland,3,1,Betfair,2.04,3.2,4.5,The-Odds-API
152233,2022-09-27 18:45:00+00,UEFA Nations League,Norway,Serbia,0,2,Betfair,2.5,3.45,3.15,The-Odds-API
152226,2022-09-27 18:45:00+00,UEFA Nations League,Portugal,Spain,0,1,Pinnacle,2.35,3.32,3.32,The-Odds-API
152229,2022-09-27 18:45:00+00,UEFA Nations League,Ukraine,Scotland,0,0,Betfair,2.26,3.5,3.55,The-Odds-API
152234,2022-09-27 18:45:00+00,UEFA Nations League,Sweden,Slovenia,1,1,Betfair,1.79,3.7,5.1,The-Odds-API
152247,2023-06-14 18:45:00+00,UEFA Nations League,Netherlands,Croatia,2,4,Pinnacle,1.83,3.58,4.87,The-Odds-API
152249,2023-06-15 18:45:00+00,UEFA Nations League,Spain,Italy,2,1,Pinnacle,2.31,3.24,3.5,The-Odds-API
152284,2024-03-21 19:45:00+00,UEFA Nations League,Gibraltar,Lithuania,0,1,William Hill,9.5,4.4,1.33,The-Odds-API
152285,2024-03-26 17:00:00+00,UEFA Nations League,Lithuania,Gibraltar,1,0,William Hill,1.18,6,15,The-Odds-API
151322,2024-09-05 16:00:00+00,UEFA Nations League,Azerbaijan,Sweden,1,3,William Hill,6,4,1.5,The-Odds-API
151324,2024-09-05 18:45:00+00,UEFA Nations League,Belarus,Bulgaria,0,0,William Hill,3.4,3.1,2.15,The-Odds-API
151316,2024-09-05 18:45:00+00,UEFA Nations League,Portugal,Croatia,2,1,Pinnacle,1.56,4.33,6.09,The-Odds-API
151318,2024-09-05 18:45:00+00,UEFA Nations League,Denmark,Switzerland,2,0,Pinnacle,2.47,3.15,3.22,The-Odds-API
151323,2024-09-05 18:45:00+00,UEFA Nations League,Estonia,Slovakia,0,1,William Hill,6.5,3.8,1.5,The-Odds-API
151329,2024-09-05 18:45:00+00,UEFA Nations League,San Marino,Liechtenstein,1,0,William Hill,3.3,3,2.25,The-Odds-API
151325,2024-09-05 18:45:00+00,UEFA Nations League,Northern Ireland,Luxembourg,2,0,William Hill,1.7,3.3,5.5,The-Odds-API
151317,2024-09-05 18:45:00+00,UEFA Nations League,Scotland,Poland,2,3,Pinnacle,2.64,3.07,3.04,The-Odds-API
151319,2024-09-05 18:45:00+00,UEFA Nations League,Serbia,Spain,0,0,Pinnacle,6.58,4.31,1.53,The-Odds-API
151311,2024-09-06 14:00:00+00,UEFA Nations League,Kazakhstan,Norway,0,0,William Hill,7.5,4.6,1.36,The-Odds-API
151330,2024-09-06 16:00:00+00,UEFA Nations League,Lithuania,Cyprus,0,1,William Hill,2.25,3.1,3.2,The-Odds-API
151312,2024-09-06 18:45:00+00,UEFA Nations League,Slovenia,Austria,1,1,William Hill,3.3,3.3,2.1,The-Odds-API
151320,2024-09-06 18:45:00+00,UEFA Nations League,Belgium,Israel,3,1,Pinnacle,1.31,5.69,9.83,The-Odds-API
151321,2024-09-06 18:45:00+00,UEFA Nations League,France,Italy,1,3,Pinnacle,1.64,4,5.64,The-Odds-API
151313,2024-09-06 18:45:00+00,UEFA Nations League,Iceland,Montenegro,2,0,William Hill,2.1,3.3,3.3,The-Odds-API
151326,2024-09-06 18:45:00+00,UEFA Nations League,Kosovo,Romania,0,3,William Hill,2.38,3.3,2.88,The-Odds-API
151314,2024-09-06 18:45:00+00,UEFA Nations League,Wales,Türkiye,0,0,William Hill,2.6,3.1,2.7,The-Odds-API
151327,2024-09-07 13:00:00+00,UEFA Nations League,Faroe Islands,FYR Macedonia,1,1,William Hill,4,3.3,1.91,The-Odds-API
151328,2024-09-07 16:00:00+00,UEFA Nations League,Armenia,Latvia,4,1,William Hill,1.65,3.75,5,The-Odds-API
151351,2024-09-07 16:00:00+00,UEFA Nations League,Georgia,Czech Republic,4,1,William Hill,3,3.5,2.15,The-Odds-API
151315,2024-09-07 16:00:00+00,UEFA Nations League,Rep. Of Ireland,England,0,2,William Hill,7,4.2,1.44,The-Odds-API
151368,2024-09-07 16:00:00+00,UEFA Nations League,Moldova,Malta,2,0,William Hill,1.67,3.5,5,The-Odds-API
151352,2024-09-07 18:45:00+00,UEFA Nations League,Ukraine,Albania,1,2,William Hill,1.67,3.6,5,The-Odds-API
151357,2024-09-07 18:45:00+00,UEFA Nations League,Netherlands,Bosnia & Herzegovina,5,2,Pinnacle,1.18,7.64,15.95,The-Odds-API
151353,2024-09-07 18:45:00+00,UEFA Nations League,Greece,Finland,3,0,William Hill,1.65,3.6,5,The-Odds-API
151356,2024-09-07 18:45:00+00,UEFA Nations League,Germany,Hungary,5,0,Pinnacle,1.29,6.01,10.33,The-Odds-API
151358,2024-09-08 16:00:00+00,UEFA Nations League,Denmark,Serbia,2,0,William Hill,1.7,3.9,4.2,The-Odds-API
151359,2024-09-08 18:45:00+00,UEFA Nations League,Croatia,Poland,1,0,William Hill,1.67,3.9,4.4,The-Odds-API
151360,2024-09-08 18:45:00+00,UEFA Nations League,Portugal,Scotland,2,1,William Hill,1.2,5.8,13,The-Odds-API
151361,2024-09-08 18:45:00+00,UEFA Nations League,Switzerland,Spain,1,4,William Hill,4.6,3.75,1.67,The-Odds-API
151367,2024-09-09 16:00:00+00,UEFA Nations League,Cyprus,Kosovo,0,4,William Hill,4,3.4,1.85,The-Odds-API
151354,2024-09-09 18:45:00+00,UEFA Nations League,Norway,Austria,2,1,William Hill,2.2,3.4,3,The-Odds-API
151362,2024-09-09 18:45:00+00,UEFA Nations League,France,Belgium,2,0,Pinnacle,1.83,3.78,4.47,The-Odds-API
151355,2024-09-09 18:45:00+00,UEFA Nations League,Türkiye,Iceland,3,1,William Hill,1.44,4.4,6.5,The-Odds-API
151400,2024-09-09 18:45:00+00,UEFA Nations League,Israel,Italy,1,2,Pinnacle,9.49,5.6,1.33,The-Odds-API
151391,2024-09-09 18:45:00+00,UEFA Nations League,Slovenia,Kazakhstan,3,0,William Hill,1.3,4.8,10,The-Odds-API
151369,2024-09-09 18:45:00+00,UEFA Nations League,Romania,Lithuania,3,1,William Hill,1.22,5,15,The-Odds-API
151392,2024-09-09 18:45:00+00,UEFA Nations League,Montenegro,Wales,1,2,William Hill,3.5,3.1,2.1,The-Odds-API
151404,2024-09-10 16:00:00+00,UEFA Nations League,Latvia,Faroe Islands,1,0,William Hill,2.05,3.1,3.7,The-Odds-API
151393,2024-09-10 18:45:00+00,UEFA Nations League,Albania,Georgia,0,1,William Hill,2.25,3.4,2.9,The-Odds-API
151408,2024-09-10 18:45:00+00,UEFA Nations League,andorra,Malta,0,1,William Hill,3.1,2.8,2.5,The-Odds-API
151405,2024-09-10 18:45:00+00,UEFA Nations League,FYR Macedonia,Armenia,2,0,William Hill,1.91,3.5,3.7,The-Odds-API
151401,2024-09-10 18:45:00+00,UEFA Nations League,Hungary,Bosnia & Herzegovina,0,0,Pinnacle,1.76,3.76,4.99,The-Odds-API
151394,2024-09-10 18:45:00+00,UEFA Nations League,Czech Republic,Ukraine,3,2,William Hill,2.2,3.4,3,The-Odds-API
151395,2024-09-10 18:45:00+00,UEFA Nations League,England,Finland,2,0,William Hill,1.1,9,17,The-Odds-API
151402,2024-09-10 18:45:00+00,UEFA Nations League,Netherlands,Germany,2,2,Pinnacle,2.72,3.56,2.6,The-Odds-API
151396,2024-09-10 18:45:00+00,UEFA Nations League,Rep. Of Ireland,Greece,0,2,William Hill,2.8,3.1,2.5,The-Odds-API
151409,2024-10-10 16:00:00+00,UEFA Nations League,Moldova,andorra,2,0,William Hill,1.4,3.9,9.5,The-Odds-API
151407,2024-10-10 16:00:00+00,UEFA Nations League,Latvia,FYR Macedonia,0,3,William Hill,3.4,3,2.2,The-Odds-API
151406,2024-10-10 18:45:00+00,UEFA Nations League,Faroe Islands,Armenia,2,2,William Hill,3.4,3.2,2.1,The-Odds-API
151398,2024-10-10 18:45:00+00,UEFA Nations League,Austria,Kazakhstan,4,0,William Hill,1.08,9,21,The-Odds-API
151403,2024-10-10 18:45:00+00,UEFA Nations League,Italy,Belgium,2,2,Pinnacle,2,3.38,4.2,The-Odds-API
151397,2024-10-10 18:45:00+00,UEFA Nations League,England,Greece,1,2,William Hill,1.29,5,9.5,The-Odds-API
151431,2024-10-10 18:45:00+00,UEFA Nations League,Finland,Rep. Of Ireland,1,2,William Hill,2.7,3,2.62,The-Odds-API
151437,2024-10-10 18:45:00+00,UEFA Nations League,Israel,France,1,4,Pinnacle,15.02,7.12,1.2,The-Odds-API
151410,2024-10-10 18:45:00+00,UEFA Nations League,Gibraltar,San Marino,1,0,William Hill,1.65,3.3,5.8,The-Odds-API
151399,2024-10-10 18:45:00+00,UEFA Nations League,Norway,Slovenia,3,0,William Hill,1.6,3.6,5.5,The-Odds-API
151444,2024-10-11 16:00:00+00,UEFA Nations League,Estonia,Azerbaijan,3,1,William Hill,3,3.2,2.3,The-Odds-API
151432,2024-10-11 18:45:00+00,UEFA Nations League,Czech Republic,Albania,2,0,William Hill,1.65,3.8,4.8,The-Odds-API
151438,2024-10-11 18:45:00+00,UEFA Nations League,Bosnia & Herzegovina,Germany,1,2,Pinnacle,9.92,5.99,1.26,The-Odds-API
151433,2024-10-11 18:45:00+00,UEFA Nations League,Ukraine,Georgia,1,0,William Hill,2.1,3.3,3.3,The-Odds-API
151439,2024-10-11 18:45:00+00,UEFA Nations League,Hungary,Netherlands,1,1,Pinnacle,5.13,4.1,1.67,The-Odds-API
151434,2024-10-11 18:45:00+00,UEFA Nations League,Iceland,Wales,2,2,William Hill,2.88,3.25,2.38,The-Odds-API
151435,2024-10-11 18:45:00+00,UEFA Nations League,Türkiye,Montenegro,1,0,William Hill,1.25,5.5,10,The-Odds-API
151445,2024-10-11 18:45:00+00,UEFA Nations League,Slovakia,Sweden,2,2,William Hill,2.45,3.4,2.62,The-Odds-API
151450,2024-10-12 13:00:00+00,UEFA Nations League,Lithuania,Kosovo,1,2,William Hill,4.8,3.3,1.75,The-Odds-API
151446,2024-10-12 16:00:00+00,UEFA Nations League,Bulgaria,Luxembourg,0,0,William Hill,1.75,3.4,4.6,The-Odds-API
151440,2024-10-12 16:00:00+00,UEFA Nations League,Croatia,Scotland,2,1,Pinnacle,1.61,4.1,5.86,The-Odds-API
151448,2024-10-12 18:45:00+00,UEFA Nations League,Belarus,Northern Ireland,0,0,William Hill,4,3.4,1.85,The-Odds-API
151447,2024-10-12 18:45:00+00,UEFA Nations League,Cyprus,Romania,0,3,William Hill,7,4.4,1.4,The-Odds-API
151443,2024-10-12 18:45:00+00,UEFA Nations League,Spain,Denmark,1,0,Pinnacle,1.42,4.79,7.99,The-Odds-API
151441,2024-10-12 18:45:00+00,UEFA Nations League,Poland,Portugal,1,3,Pinnacle,5.36,4.09,1.65,The-Odds-API
151442,2024-10-12 18:45:00+00,UEFA Nations League,Serbia,Switzerland,2,0,Pinnacle,2.65,3.12,2.98,The-Odds-API
151436,2024-10-13 13:00:00+00,UEFA Nations League,Kazakhstan,Slovenia,0,1,William Hill,4.8,3.6,1.7,The-Odds-API
151449,2024-10-13 16:00:00+00,UEFA Nations League,Armenia,FYR Macedonia,0,2,Betfair,1.4,1.35,2.2,The-Odds-API
151471,2024-10-13 16:00:00+00,UEFA Nations League,Finland,England,1,3,William Hill,9,5,1.3,The-Odds-API
151489,2024-10-13 16:00:00+00,UEFA Nations League,Malta,Moldova,1,0,Betfair,1.6,1.12,1.6,The-Odds-API
151473,2024-10-13 18:45:00+00,UEFA Nations League,Austria,Norway,5,1,William Hill,2.15,3.5,3,The-Odds-API
151485,2024-10-13 18:45:00+00,UEFA Nations League,Faroe Islands,Latvia,1,1,1xBet,2.56,3.25,3.15,The-Odds-API
151472,2024-10-13 18:45:00+00,UEFA Nations League,Greece,Rep. Of Ireland,2,0,William Hill,1.83,3.2,4.33,The-Odds-API
151474,2024-10-14 16:00:00+00,UEFA Nations League,Georgia,Albania,0,1,William Hill,1.8,3.4,4.33,The-Odds-API
151486,2024-10-14 16:00:00+00,UEFA Nations League,Azerbaijan,Slovakia,1,3,William Hill,5.5,3.8,1.57,The-Odds-API
151478,2024-10-14 18:45:00+00,UEFA Nations League,Belgium,France,1,2,Pinnacle,3.11,3.33,2.43,The-Odds-API
151480,2024-10-14 18:45:00+00,UEFA Nations League,Bosnia & Herzegovina,Hungary,0,2,Pinnacle,3.49,3.33,2.24,The-Odds-API
151475,2024-10-14 18:45:00+00,UEFA Nations League,Ukraine,Czech Republic,1,1,William Hill,2.7,3.2,2.5,The-Odds-API
151487,2024-10-14 18:45:00+00,UEFA Nations League,Estonia,Sweden,0,3,William Hill,12,6,1.2,The-Odds-API
151481,2024-10-14 18:45:00+00,UEFA Nations League,Germany,Netherlands,1,0,Pinnacle,1.79,4.07,4.31,The-Odds-API
151476,2024-10-14 18:45:00+00,UEFA Nations League,Iceland,Türkiye,2,4,William Hill,3.6,3.6,1.91,The-Odds-API
151479,2024-10-14 18:45:00+00,UEFA Nations League,Italy,Israel,4,1,Pinnacle,1.2,7.26,14.18,The-Odds-API
151477,2024-10-14 18:45:00+00,UEFA Nations League,Wales,Montenegro,1,0,William Hill,1.5,4,6,The-Odds-API
151523,2024-10-15 18:45:00+00,UEFA Nations League,Belarus,Luxembourg,1,1,William Hill,2.7,2.9,2.75,The-Odds-API
151488,2024-10-15 18:45:00+00,UEFA Nations League,Northern Ireland,Bulgaria,5,0,William Hill,1.8,3.3,4.5,The-Odds-API
151482,2024-10-15 18:45:00+00,UEFA Nations League,Poland,Croatia,3,3,Pinnacle,3.38,3.39,2.18,The-Odds-API
151522,2024-10-15 18:45:00+00,UEFA Nations League,Kosovo,Cyprus,3,0,William Hill,1.3,5,9,The-Odds-API
151484,2024-10-15 18:45:00+00,UEFA Nations League,Switzerland,Denmark,2,2,Pinnacle,2.29,3.26,3.26,The-Odds-API
151529,2024-10-15 18:45:00+00,UEFA Nations League,Lithuania,Romania,1,2,William Hill,6.5,4.2,1.44,The-Odds-API
151515,2024-10-15 18:45:00+00,UEFA Nations League,Scotland,Portugal,0,0,Pinnacle,5.24,4.24,1.59,The-Odds-API
151483,2024-10-15 18:45:00+00,UEFA Nations League,Spain,Serbia,3,0,Pinnacle,1.36,4.91,8.52,The-Odds-API
151511,2024-11-14 15:00:00+00,UEFA Nations League,Kazakhstan,Austria,0,2,William Hill,13,6.5,1.18,The-Odds-API
151524,2024-11-14 17:00:00+00,UEFA Nations League,Armenia,Faroe Islands,0,1,William Hill,1.44,4.2,7,The-Odds-API
151516,2024-11-14 19:45:00+00,UEFA Nations League,Belgium,Italy,0,1,Pinnacle,2.73,3.32,2.74,The-Odds-API
151512,2024-11-14 19:45:00+00,UEFA Nations League,Greece,England,0,3,William Hill,3.5,3.2,2.1,The-Odds-API
151513,2024-11-14 19:45:00+00,UEFA Nations League,Rep. Of Ireland,Finland,1,0,William Hill,1.65,3.6,5,The-Odds-API
151517,2024-11-14 19:45:00+00,UEFA Nations League,France,Israel,0,0,Pinnacle,1.11,11.03,21.87,The-Odds-API
151525,2024-11-14 19:45:00+00,UEFA Nations League,FYR Macedonia,Latvia,1,0,William Hill,1.44,4.2,6.5,The-Odds-API
151514,2024-11-14 19:45:00+00,UEFA Nations League,Slovenia,Norway,1,4,William Hill,2.9,3.3,2.3,The-Odds-API
151530,2024-11-15 17:00:00+00,UEFA Nations League,Cyprus,Lithuania,2,1,William Hill,2.2,3.2,3.2,The-Odds-API
151528,2024-11-15 19:45:00+00,UEFA Nations League,Northern Ireland,Belarus,2,0,William Hill,1.44,3.9,7.5,The-Odds-API
151527,2024-11-15 19:45:00+00,UEFA Nations League,Luxembourg,Bulgaria,0,1,William Hill,2.62,3,2.7,The-Odds-API
151519,2024-11-15 19:45:00+00,UEFA Nations League,Scotland,Croatia,1,0,Pinnacle,3.53,3.41,2.19,The-Odds-API
151520,2024-11-15 19:45:00+00,UEFA Nations League,Denmark,Spain,1,2,Pinnacle,4.87,3.23,1.93,The-Odds-API
151570,2024-11-15 19:45:00+00,UEFA Nations League,San Marino,Gibraltar,1,1,William Hill,3.4,2.8,2.38,The-Odds-API
151526,2024-11-15 19:45:00+00,UEFA Nations League,Romania,Kosovo,3,0,William Hill,1.8,3.6,4,The-Odds-API
151518,2024-11-15 19:45:00+00,UEFA Nations League,Portugal,Poland,5,1,Pinnacle,1.26,6.13,11.41,The-Odds-API
151521,2024-11-15 19:45:00+00,UEFA Nations League,Switzerland,Serbia,1,1,Pinnacle,1.88,3.53,4.54,The-Odds-API
151565,2024-11-16 14:00:00+00,UEFA Nations League,Azerbaijan,Estonia,0,0,William Hill,1.55,3.9,5.5,The-Odds-API
151569,2024-11-16 17:00:00+00,UEFA Nations League,andorra,Moldova,0,1,William Hill,4.33,3.1,1.91,The-Odds-API
151551,2024-11-16 17:00:00+00,UEFA Nations League,Georgia,Ukraine,1,1,William Hill,2.5,3.3,2.62,The-Odds-API
151552,2024-11-16 17:00:00+00,UEFA Nations League,Montenegro,Iceland,0,2,William Hill,2.3,3.3,2.9,The-Odds-API
151553,2024-11-16 17:00:00+00,UEFA Nations League,Türkiye,Wales,0,0,William Hill,1.7,3.7,4.5,The-Odds-API
151554,2024-11-16 19:45:00+00,UEFA Nations League,Albania,Czech Republic,0,0,William Hill,3.1,3.3,2.2,The-Odds-API
151559,2024-11-16 19:45:00+00,UEFA Nations League,Germany,Bosnia & Herzegovina,7,0,Pinnacle,1.09,10.76,22.85,The-Odds-API
151560,2024-11-16 19:45:00+00,UEFA Nations League,Netherlands,Hungary,4,0,Pinnacle,1.39,5.28,7.74,The-Odds-API
151566,2024-11-16 19:45:00+00,UEFA Nations League,Sweden,Slovakia,2,1,William Hill,1.6,4.2,4.75,The-Odds-API
151557,2024-11-17 17:00:00+00,UEFA Nations League,Austria,Slovenia,1,1,1xBet,1.54,4.58,6.69,The-Odds-API
151555,2024-11-17 17:00:00+00,UEFA Nations League,England,Rep. Of Ireland,5,0,Marathon Bet,1.24,6.05,13.5,The-Odds-API
151556,2024-11-17 17:00:00+00,UEFA Nations League,Finland,Greece,0,2,Marathon Bet,3.08,3.1,2.52,The-Odds-API
151558,2024-11-17 17:00:00+00,UEFA Nations League,Norway,Kazakhstan,5,0,1xBet,1.14,10.1,27,The-Odds-API
151561,2024-11-17 19:45:00+00,UEFA Nations League,Israel,Belgium,1,0,1xBet,9.6,6.02,1.34,The-Odds-API
151562,2024-11-17 19:45:00+00,UEFA Nations League,Italy,France,1,3,1xBet,3.04,3.52,2.49,The-Odds-API
151589,2024-11-18 19:45:00+00,UEFA Nations League,Bulgaria,Belarus,1,1,William Hill,1.73,3.3,5,The-Odds-API
151563,2024-11-18 19:45:00+00,UEFA Nations League,Croatia,Portugal,1,1,Pinnacle,2.46,3.25,3.14,The-Odds-API
151588,2024-11-18 19:45:00+00,UEFA Nations League,Romania,Cyprus,4,1,William Hill,1.2,6,12,The-Odds-API
151585,2024-11-18 19:45:00+00,UEFA Nations League,Serbia,Denmark,0,0,Pinnacle,2.65,3.24,2.88,The-Odds-API
151595,2024-11-18 19:45:00+00,UEFA Nations League,Kosovo,Lithuania,1,0,William Hill,1.3,5,8.5,The-Odds-API
151593,2024-11-18 19:45:00+00,UEFA Nations League,Liechtenstein,San Marino,1,3,William Hill,1.73,3.2,5.5,The-Odds-API
151590,2024-11-18 19:45:00+00,UEFA Nations League,Luxembourg,Northern Ireland,2,2,William Hill,5.5,3.2,1.7,The-Odds-API
151584,2024-11-18 19:45:00+00,UEFA Nations League,Poland,Scotland,1,2,Pinnacle,2.56,3.37,2.9,The-Odds-API
151564,2024-11-18 19:45:00+00,UEFA Nations League,Spain,Switzerland,3,2,Pinnacle,1.43,4.85,7.39,The-Odds-API
151580,2024-11-19 19:45:00+00,UEFA Nations League,Albania,Ukraine,1,2,William Hill,3,3.25,2.3,The-Odds-API
151594,2024-11-19 19:45:00+00,UEFA Nations League,Malta,andorra,0,0,William Hill,1.53,3.5,7,The-Odds-API
151592,2024-11-19 19:45:00+00,UEFA Nations League,Sweden,Azerbaijan,6,0,William Hill,1.14,7,15,The-Odds-API
151586,2024-11-19 19:45:00+00,UEFA Nations League,Bosnia & Herzegovina,Netherlands,1,1,Pinnacle,9.71,5.62,1.29,The-Odds-API
151581,2024-11-19 19:45:00+00,UEFA Nations League,Czech Republic,Georgia,2,1,William Hill,1.7,3.8,4.5,The-Odds-API
151591,2024-11-19 19:45:00+00,UEFA Nations League,Slovakia,Estonia,1,0,William Hill,1.2,6,12,The-Odds-API
151587,2024-11-19 19:45:00+00,UEFA Nations League,Hungary,Germany,1,1,Pinnacle,6.12,4.58,1.52,The-Odds-API
151583,2024-11-19 19:45:00+00,UEFA Nations League,Wales,Iceland,4,1,William Hill,1.62,3.75,5,The-Odds-API
151582,2024-11-19 19:45:00+00,UEFA Nations League,Montenegro,Türkiye,3,1,William Hill,5.8,4.33,1.5,The-Odds-API
151599,2025-03-20 17:00:00+00,UEFA Nations League,Armenia,Georgia,0,3,William Hill,3.7,3.1,2.1,The-Odds-API
151598,2025-03-20 17:00:00+00,UEFA Nations League,Türkiye,Hungary,3,1,William Hill,1.75,3.5,4.75,The-Odds-API
151609,2025-03-20 19:45:00+00,UEFA Nations League,Austria,Serbia,1,1,William Hill,1.73,3.5,4.8,The-Odds-API
151607,2025-03-20 19:45:00+00,UEFA Nations League,Ukraine,Belgium,3,1,William Hill,4.4,3.5,1.8,The-Odds-API
151615,2025-03-20 19:45:00+00,UEFA Nations League,Bulgaria,Rep. Of Ireland,1,2,William Hill,3.25,2.88,2.4,The-Odds-API
151596,2025-03-20 19:45:00+00,UEFA Nations League,Croatia,France,2,0,Pinnacle,4.12,3.33,2.04,The-Odds-API
151597,2025-03-20 19:45:00+00,UEFA Nations League,Denmark,Portugal,1,0,Pinnacle,3.35,3.34,2.3,The-Odds-API
151604,2025-03-20 19:45:00+00,UEFA Nations League,Italy,Germany,1,2,Pinnacle,2.77,3.17,2.81,The-Odds-API
151611,2025-03-20 19:45:00+00,UEFA Nations League,Greece,Scotland,0,1,William Hill,1.95,3.2,4,The-Odds-API
151613,2025-03-20 19:45:00+00,UEFA Nations League,Kosovo,Iceland,2,1,William Hill,2.1,3.2,3.5,The-Odds-API
151600,2025-03-20 19:45:00+00,UEFA Nations League,Netherlands,Spain,2,2,Pinnacle,3.16,3.51,2.31,The-Odds-API
151618,2025-03-20 19:45:00+00,UEFA Nations League,Slovakia,Slovenia,0,0,William Hill,2.15,3.1,3.5,The-Odds-API
151620,2025-06-04 19:10:00+00,UEFA Nations League,Germany,Portugal,1,2,Pinnacle,1.91,3.91,3.91,The-Odds-API
151621,2025-06-05 19:00:00+00,UEFA Nations League,Spain,France,5,4,Pinnacle,2.35,3.36,3.22,The-Odds-API
153104,2024-07-15 00:30:00+00,Copa America,Argentina,Colombia,1,0,Pinnacle,2.09,4.62,4.62,API-Football-closing
153937,2022-01-17 16:00:00+00,Africa Cup of Nations,Burkina Faso,Ethiopia,1,1,Pinnacle,1.58,3.68,6.77,API-Football-closing
153936,2022-01-17 16:00:00+00,Africa Cup of Nations,Cape Verde Islands,Cameroon,1,1,Pinnacle,6.79,3.24,1.68,API-Football-closing
153938,2022-01-18 16:00:00+00,Africa Cup of Nations,Zimbabwe,Guinea,2,1,Pinnacle,6.62,3.18,1.68,API-Football-closing
153939,2022-01-18 16:00:00+00,Africa Cup of Nations,Malawi,Senegal,0,0,Pinnacle,12.57,3.98,1.37,API-Football-closing
153941,2022-01-18 19:00:00+00,Africa Cup of Nations,Ghana,Comoros,2,3,Pinnacle,1.25,5.5,12.63,API-Football-closing
153940,2022-01-18 19:00:00+00,Africa Cup of Nations,Gabon,Morocco,2,2,Pinnacle,7.84,2.97,1.68,API-Football-closing
153943,2022-01-19 19:00:00+00,Africa Cup of Nations,Egypt,Sudan,1,0,Pinnacle,1.21,5.55,17.67,API-Football-closing
153942,2022-01-19 19:00:00+00,Africa Cup of Nations,Guinea-Bissau,Nigeria,0,2,Pinnacle,4.67,3.75,1.73,API-Football-closing
153945,2022-01-20 16:00:00+00,Africa Cup of Nations,Sierra Leone,Equatorial Guinea,0,1,Pinnacle,3.53,2.9,2.34,API-Football-closing
153944,2022-01-20 16:00:00+00,Africa Cup of Nations,Ivory Coast,Algeria,3,1,Pinnacle,3.38,2.77,2.41,API-Football-closing
153946,2022-01-20 19:00:00+00,Africa Cup of Nations,Gambia,Tunisia,1,0,Pinnacle,7.72,3.23,1.61,API-Football-closing
153947,2022-01-20 19:00:00+00,Africa Cup of Nations,Mali,Mauritania,2,0,Pinnacle,1.31,4.69,11.23,API-Football-closing
153992,2022-01-25 16:00:00+00,Africa Cup of Nations,Senegal,Cape Verde Islands,2,0,Pinnacle,1.65,3.15,7.35,API-Football-closing
153993,2022-01-25 19:00:00+00,Africa Cup of Nations,Morocco,Malawi,2,1,Pinnacle,1.29,4.77,12.63,API-Football-closing
153951,2022-01-24 19:00:00+00,Africa Cup of Nations,Cameroon,Comoros,2,1,Pinnacle,1.1,8.42,14.33,API-Football-closing
153994,2022-01-26 16:00:00+00,Africa Cup of Nations,Ivory Coast,Egypt,0,0,Pinnacle,2.3,2.9,3.63,API-Football-closing
153950,2022-01-24 16:00:00+00,Africa Cup of Nations,Guinea,Gambia,0,1,Pinnacle,2.63,2.82,3.36,API-Football-closing
153995,2022-01-26 19:00:00+00,Africa Cup of Nations,Mali,Equatorial Guinea,0,0,Pinnacle,1.57,3.34,7.93,API-Football-closing
154000,2022-02-02 19:00:00+00,Africa Cup of Nations,Burkina Faso,Senegal,1,3,Pinnacle,6.18,3,1.87,API-Football-closing
154001,2022-02-03 19:00:00+00,Africa Cup of Nations,Cameroon,Egypt,0,0,Pinnacle,2.25,2.86,4.18,API-Football-closing
153633,2024-01-13 20:00:00+00,Africa Cup of Nations,Ivory Coast,Guinea-Bissau,2,0,Pinnacle,1.2,6.27,19.2,API-Football-closing
153638,2024-01-15 17:00:00+00,Africa Cup of Nations,Cameroon,Guinea,1,1,Pinnacle,2.24,2.98,3.97,API-Football-closing
153637,2024-01-15 14:00:00+00,Africa Cup of Nations,Senegal,Gambia,3,0,Pinnacle,1.3,4.89,15.36,API-Football-closing
153639,2024-01-15 20:00:00+00,Africa Cup of Nations,Algeria,Angola,1,1,Pinnacle,1.55,3.74,7.9,API-Football-closing
153640,2024-01-16 14:00:00+00,Africa Cup of Nations,Burkina Faso,Mauritania,1,0,Pinnacle,1.78,3.21,6.1,API-Football-closing
153641,2024-01-16 17:00:00+00,Africa Cup of Nations,Tunisia,Namibia,0,1,Pinnacle,1.43,4.13,10.42,API-Football-closing
153642,2024-01-16 20:00:00+00,Africa Cup of Nations,Mali,South Africa,2,0,Pinnacle,2.05,3.19,4.3,API-Football-closing
153643,2024-01-17 17:00:00+00,Africa Cup of Nations,Morocco,Tanzania,3,0,Pinnacle,1.3,4.98,12.42,API-Football-closing
153644,2024-01-17 20:00:00+00,Africa Cup of Nations,Congo DR,Zambia,1,1,Pinnacle,3.01,2.88,2.75,API-Football-closing
153645,2024-01-18 14:00:00+00,Africa Cup of Nations,Equatorial Guinea,Guinea-Bissau,4,2,Pinnacle,2.63,2.88,3.18,API-Football-closing
153646,2024-01-18 17:00:00+00,Africa Cup of Nations,Ivory Coast,Nigeria,0,1,Pinnacle,2.16,2.86,4.3,API-Football-closing
153648,2024-01-18 20:00:00+00,Africa Cup of Nations,Egypt,Ghana,2,2,Pinnacle,1.97,2.94,5.03,API-Football-closing
153650,2024-01-19 14:00:00+00,Africa Cup of Nations,Cape Verde Islands,Mozambique,3,0,Pinnacle,2.12,2.93,4.3,API-Football-closing
153647,2024-01-19 17:00:00+00,Africa Cup of Nations,Senegal,Cameroon,3,1,Pinnacle,2,2.92,4.53,API-Football-closing
153649,2024-01-19 20:00:00+00,Africa Cup of Nations,Guinea,Gambia,1,0,Pinnacle,2.3,2.77,3.78,API-Football-closing
153651,2024-01-20 14:00:00+00,Africa Cup of Nations,Algeria,Burkina Faso,2,2,Pinnacle,1.65,3.41,5.92,API-Football-closing
153652,2024-01-20 17:00:00+00,Africa Cup of Nations,Mauritania,Angola,2,3,Pinnacle,3.08,2.7,2.74,API-Football-closing
153693,2024-01-20 20:00:00+00,Africa Cup of Nations,Tunisia,Mali,1,1,Pinnacle,2.52,3.01,2.98,API-Football-closing
153694,2024-01-21 14:00:00+00,Africa Cup of Nations,Morocco,Congo DR,1,1,Pinnacle,1.59,3.65,6.11,API-Football-closing
153695,2024-01-21 17:00:00+00,Africa Cup of Nations,Zambia,Tanzania,1,1,Pinnacle,2.37,2.97,3.27,API-Football-closing
153697,2024-01-22 17:00:00+00,Africa Cup of Nations,Equatorial Guinea,Ivory Coast,4,0,Pinnacle,11.51,4.4,1.38,API-Football-closing
153698,2024-01-22 17:00:00+00,Africa Cup of Nations,Guinea-Bissau,Nigeria,0,1,Pinnacle,17.3,6.19,1.22,API-Football-closing
350070,2025-12-29 16:00:00+00,Africa Cup of Nations,Angola,Egypt,0,0,Pinnacle,3.14,2.99,2.53,API-Football-closing
350071,2025-12-29 16:00:00+00,Africa Cup of Nations,Zimbabwe,South Africa,2,3,Pinnacle,5.81,3.53,1.69,API-Football-closing
350069,2025-12-29 19:00:00+00,Africa Cup of Nations,Comoros,Mali,0,0,Pinnacle,6.89,3.92,1.55,API-Football-closing
350068,2025-12-29 19:00:00+00,Africa Cup of Nations,Zambia,Morocco,0,3,Pinnacle,16.82,6.17,1.21,API-Football-closing
350072,2025-12-30 16:00:00+00,Africa Cup of Nations,Uganda,Nigeria,1,3,Pinnacle,3.5,3.13,2.17,API-Football-closing
350073,2025-12-30 16:00:00+00,Africa Cup of Nations,Tanzania,Tunisia,1,1,Pinnacle,8.12,3.79,1.48,API-Football-closing
350074,2025-12-30 19:00:00+00,Africa Cup of Nations,Benin,Senegal,0,3,Pinnacle,11.02,5.09,1.29,API-Football-closing
350075,2025-12-30 19:00:00+00,Africa Cup of Nations,Botswana,Congo DR,0,3,Pinnacle,12.91,5.53,1.22,API-Football-closing
350076,2025-12-31 16:00:00+00,Africa Cup of Nations,Equatorial Guinea,Algeria,1,3,Pinnacle,5.08,3.27,1.76,API-Football-closing
350077,2025-12-31 16:00:00+00,Africa Cup of Nations,Sudan,Burkina Faso,0,2,Pinnacle,7,2.72,1.78,API-Football-closing
350079,2025-12-31 19:00:00+00,Africa Cup of Nations,Mozambique,Cameroon,1,2,Pinnacle,5.76,3.51,1.66,API-Football-closing
350078,2025-12-31 19:00:00+00,Africa Cup of Nations,Gabon,Ivory Coast,2,3,Pinnacle,7.62,3.94,1.45,API-Football-closing
350084,2026-01-05 16:00:00+00,Africa Cup of Nations,Egypt,Benin,3,1,Pinnacle,1.43,4.22,9.15,API-Football-closing
350085,2026-01-05 19:00:00+00,Africa Cup of Nations,Nigeria,Mozambique,4,0,Pinnacle,1.31,5.27,11.17,API-Football-closing
350086,2026-01-06 16:00:00+00,Africa Cup of Nations,Algeria,Congo DR,1,0,Pinnacle,1.98,3.01,4.53,API-Football-closing
350087,2026-01-06 19:00:00+00,Africa Cup of Nations,Ivory Coast,Burkina Faso,3,0,Pinnacle,1.81,3.15,5.31,API-Football-closing
350088,2026-01-09 16:00:00+00,Africa Cup of Nations,Mali,Senegal,0,1,Pinnacle,6.45,3.49,1.61,API-Football-closing
350089,2026-01-09 19:00:00+00,Africa Cup of Nations,Cameroon,Morocco,0,2,Pinnacle,7.3,3.83,1.51,API-Football-closing
350092,2026-01-14 17:00:00+00,Africa Cup of Nations,Senegal,Egypt,1,0,Pinnacle,2.02,2.99,4.71,API-Football-closing
350093,2026-01-14 20:00:00+00,Africa Cup of Nations,Nigeria,Morocco,0,0,Pinnacle,4.22,2.93,2.17,API-Football-closing
350062,2025-12-27 15:00:00+00,Africa Cup of Nations,Senegal,Congo DR,1,1,Pinnacle,1.76,3.05,6.08,API-Football-closing
350065,2025-12-28 15:00:00+00,Africa Cup of Nations,Equatorial Guinea,Sudan,0,1,Betfair,2.48,3,3.45,API-Football-closing
350066,2025-12-28 20:00:00+00,Africa Cup of Nations,Ivory Coast,Cameroon,1,1,Betfair,2.08,2.9,1.49,API-Football-closing
379888,2026-02-15 14:00:00+00,International Friendlies,Croatia U19,Latvia U19,4,2,Bet365,1.18,5.5,12,API-Football
379892,2026-02-17 14:00:00+00,International Friendlies,Czech Republic U19,Turkey U19,1,2,Bet365,1.85,3.6,3.4,API-Football
379896,2026-02-19 11:00:00+00,International Friendlies,Croatia U19,Czech Republic U19,0,0,Bet365,1.91,4,2.9,API-Football
379901,2026-02-26 02:00:00+00,International Friendlies,Mexico,Iceland,4,0,Bet365,1.33,4.33,8.5,API-Football
380455,2026-03-15 20:00:00+00,International Friendlies,Bolivia,Trinidad and Tobago,3,0,Pinnacle,1.07,10.15,13.38,API-Football-closing
150267,2022-11-28 10:00:00+00,FIFA World Cup,Cameroon,Serbia,3,3,Pinnacle,5.06,3.58,1.83,API-Football-closing
150268,2022-11-28 13:00:00+00,FIFA World Cup,South Korea,Ghana,2,3,Pinnacle,2.65,3.14,3.06,API-Football-closing
150269,2022-11-28 16:00:00+00,FIFA World Cup,Brazil,Switzerland,1,0,Pinnacle,1.5,4.47,7.47,API-Football-closing
150270,2022-11-28 19:00:00+00,FIFA World Cup,Portugal,Uruguay,2,0,Pinnacle,2.01,3.35,4.42,API-Football-closing
150272,2022-11-29 15:00:00+00,FIFA World Cup,Ecuador,Senegal,1,2,Pinnacle,2.5,3.2,3.18,API-Football-closing
150271,2022-11-29 15:00:00+00,FIFA World Cup,Netherlands,Qatar,2,0,Pinnacle,1.21,6.66,19.41,API-Football-closing
150277,2022-11-29 19:00:00+00,FIFA World Cup,Wales,England,0,3,Pinnacle,8.6,4.8,1.41,API-Football-closing
150273,2022-11-29 19:00:00+00,FIFA World Cup,Iran,USA,0,1,Pinnacle,4.14,3.43,2.02,API-Football-closing
150280,2022-11-30 15:00:00+00,FIFA World Cup,Australia,Denmark,1,0,Pinnacle,7.08,4.3,1.52,API-Football-closing
150274,2022-11-30 15:00:00+00,FIFA World Cup,Tunisia,France,1,0,Pinnacle,7.26,3.96,1.56,API-Football-closing
150275,2022-11-30 19:00:00+00,FIFA World Cup,Poland,Argentina,0,2,Pinnacle,8.11,4.3,1.48,API-Football-closing
150276,2022-11-30 19:00:00+00,FIFA World Cup,Saudi Arabia,Mexico,1,2,Pinnacle,4.86,4.3,1.69,API-Football-closing
150281,2022-12-01 15:00:00+00,FIFA World Cup,Croatia,Belgium,0,0,Pinnacle,2.83,3.4,2.63,API-Football-closing
150282,2022-12-01 15:00:00+00,FIFA World Cup,Canada,Morocco,1,2,Pinnacle,3.79,3.51,2.09,API-Football-closing
150288,2022-12-01 19:00:00+00,FIFA World Cup,Costa Rica,Germany,2,4,Pinnacle,27.33,11.39,1.11,API-Football-closing
150283,2022-12-01 19:00:00+00,FIFA World Cup,Japan,Spain,2,1,Pinnacle,8.32,4.62,1.44,API-Football-closing
150285,2022-12-02 15:00:00+00,FIFA World Cup,Ghana,Uruguay,0,2,Pinnacle,5.15,3.6,1.7,API-Football-closing
150284,2022-12-02 15:00:00+00,FIFA World Cup,South Korea,Portugal,2,1,Pinnacle,5.59,4.19,1.55,API-Football-closing
150286,2022-12-02 19:00:00+00,FIFA World Cup,Cameroon,Brazil,1,0,Pinnacle,14.92,6.47,1.19,API-Football-closing
150287,2022-12-02 19:00:00+00,FIFA World Cup,Serbia,Switzerland,2,3,Pinnacle,2.54,3.27,2.81,API-Football-closing
151164,2021-06-13 13:00:00+00,UEFA Euro,England,Croatia,1,0,Pinnacle,1.67,3.84,6.06,API-Football-closing
151165,2021-06-13 16:00:00+00,UEFA Euro,Austria,FYR Macedonia,3,1,Pinnacle,1.76,3.49,5.91,API-Football-closing
151166,2021-06-13 19:00:00+00,UEFA Euro,Netherlands,Ukraine,3,2,Pinnacle,1.64,3.82,6.52,API-Football-closing
151167,2021-06-14 13:00:00+00,UEFA Euro,Scotland,Czech Republic,0,2,Pinnacle,2.7,3.05,3.1,API-Football-closing
151168,2021-06-14 16:00:00+00,UEFA Euro,Poland,Slovakia,1,2,Pinnacle,1.72,3.6,6.05,API-Football-closing
151169,2021-06-14 19:00:00+00,UEFA Euro,Spain,Sweden,0,0,Pinnacle,1.34,5.2,11.5,API-Football-closing
151170,2021-06-15 16:00:00+00,UEFA Euro,Hungary,Portugal,0,3,Pinnacle,8.35,4.44,1.47,API-Football-closing
151171,2021-06-15 19:00:00+00,UEFA Euro,France,Germany,1,0,Pinnacle,2.77,3.22,2.85,API-Football-closing
151172,2021-06-16 13:00:00+00,UEFA Euro,Finland,Russia,0,1,Pinnacle,5.92,3.86,1.68,API-Football-closing
151173,2021-06-16 16:00:00+00,UEFA Euro,Türkiye,Wales,0,2,Pinnacle,2.41,3.24,3.34,API-Football-closing
151174,2021-06-16 19:00:00+00,UEFA Euro,Italy,Switzerland,3,0,Pinnacle,1.6,4.05,6.51,API-Football-closing
151175,2021-06-17 13:00:00+00,UEFA Euro,Ukraine,FYR Macedonia,2,1,Pinnacle,1.65,3.95,6.05,API-Football-closing
151176,2021-06-17 16:00:00+00,UEFA Euro,Denmark,Belgium,1,2,Pinnacle,4.29,3.18,2.1,API-Football-closing
151177,2021-06-17 19:00:00+00,UEFA Euro,Netherlands,Austria,2,0,Pinnacle,1.59,4.18,6.36,API-Football-closing
151199,2021-06-18 16:00:00+00,UEFA Euro,Croatia,Czech Republic,1,1,Pinnacle,2.09,3.35,3.74,API-Football-closing
151198,2021-06-18 13:00:00+00,UEFA Euro,Sweden,Slovakia,1,0,Pinnacle,1.84,3.24,5.09,API-Football-closing
151200,2021-06-18 19:00:00+00,UEFA Euro,England,Scotland,0,0,Pinnacle,1.33,5.07,9.83,API-Football-closing
151201,2021-06-19 13:00:00+00,UEFA Euro,Hungary,France,1,1,Pinnacle,9.43,4.93,1.35,API-Football-closing
151202,2021-06-19 16:00:00+00,UEFA Euro,Portugal,Germany,2,4,Pinnacle,3.19,3.41,2.29,API-Football-closing
151203,2021-06-19 19:00:00+00,UEFA Euro,Spain,Poland,1,1,Pinnacle,1.42,4.65,7.63,API-Football-closing
151204,2021-06-20 16:00:00+00,UEFA Euro,Switzerland,Türkiye,3,1,Pinnacle,2.29,3.28,3.23,API-Football-closing
151205,2021-06-20 16:00:00+00,UEFA Euro,Italy,Wales,1,0,Pinnacle,1.4,4.44,8.32,API-Football-closing
151207,2021-06-21 16:00:00+00,UEFA Euro,FYR Macedonia,Netherlands,0,3,Pinnacle,11,6.4,1.28,API-Football-closing
151206,2021-06-21 16:00:00+00,UEFA Euro,Ukraine,Austria,0,1,Pinnacle,3.58,2.09,3.69,API-Football-closing
151209,2021-06-21 19:00:00+00,UEFA Euro,Finland,Belgium,0,2,Pinnacle,10.25,5.25,1.36,API-Football-closing
151208,2021-06-21 19:00:00+00,UEFA Euro,Russia,Denmark,1,4,Pinnacle,4.8,3.95,1.78,API-Football-closing
151210,2021-06-22 19:00:00+00,UEFA Euro,Croatia,Scotland,3,1,Pinnacle,2.29,3.79,3.05,API-Football-closing
151211,2021-06-22 19:00:00+00,UEFA Euro,Czech Republic,England,0,1,Pinnacle,7.89,3.69,1.6,API-Football-closing
151213,2021-06-23 16:00:00+00,UEFA Euro,Slovakia,Spain,0,5,Pinnacle,16.87,5.99,1.24,API-Football-closing
151212,2021-06-23 16:00:00+00,UEFA Euro,Sweden,Poland,3,2,Pinnacle,2.88,3.37,2.64,API-Football-closing
151214,2021-06-23 19:00:00+00,UEFA Euro,Portugal,France,2,2,Pinnacle,4.06,2.93,2.3,API-Football-closing
151215,2021-06-23 19:00:00+00,UEFA Euro,Germany,Hungary,2,2,Pinnacle,1.21,7.18,15.7,API-Football-closing
150525,2024-07-01 16:00:00+00,UEFA Euro,France,Belgium,1,0,Pinnacle,1.96,3.31,4.66,API-Football-closing
150526,2024-07-01 19:00:00+00,UEFA Euro,Portugal,Slovenia,0,0,Pinnacle,1.35,5.1,10.81,API-Football-closing
150527,2024-07-02 16:00:00+00,UEFA Euro,Romania,Netherlands,0,3,Pinnacle,8.57,4.52,1.44,API-Football-closing
150528,2024-07-02 19:00:00+00,UEFA Euro,Austria,Türkiye,1,2,Pinnacle,2,3.28,4.45,API-Football-closing
150243,2022-11-20 16:00:00+00,FIFA World Cup,Qatar,Ecuador,0,2,Pinnacle,3.73,3.14,2.29,API-Football-closing
150242,2022-11-21 13:00:00+00,FIFA World Cup,England,Iran,6,2,Pinnacle,1.38,4.75,11.25,API-Football-closing
150241,2022-11-21 16:00:00+00,FIFA World Cup,Senegal,Netherlands,0,2,Pinnacle,6.04,3.66,1.71,API-Football-closing
150257,2022-11-21 19:00:00+00,FIFA World Cup,USA,Wales,1,1,Pinnacle,2.66,3.1,3.09,API-Football-closing
150244,2022-11-22 10:00:00+00,FIFA World Cup,Argentina,Saudi Arabia,1,2,Pinnacle,1.19,7.43,20.44,API-Football-closing
150245,2022-11-22 13:00:00+00,FIFA World Cup,Denmark,Tunisia,0,0,Pinnacle,1.52,4.09,8.1,API-Football-closing
150246,2022-11-22 16:00:00+00,FIFA World Cup,Mexico,Poland,0,0,Pinnacle,2.75,3.1,2.98,API-Football-closing
150259,2022-11-22 19:00:00+00,FIFA World Cup,France,Australia,4,1,Pinnacle,1.31,5.92,11,API-Football-closing
150247,2022-11-23 10:00:00+00,FIFA World Cup,Morocco,Croatia,0,0,Pinnacle,4.09,3.23,2.11,API-Football-closing
150248,2022-11-23 13:00:00+00,FIFA World Cup,Germany,Japan,1,2,Pinnacle,1.48,4.74,6.9,API-Football-closing
150260,2022-11-23 16:00:00+00,FIFA World Cup,Spain,Costa Rica,7,0,Pinnacle,1.18,7.73,20.43,API-Football-closing
150249,2022-11-23 19:00:00+00,FIFA World Cup,Belgium,Canada,1,0,Pinnacle,1.51,4.55,6.64,API-Football-closing
150250,2022-11-24 10:00:00+00,FIFA World Cup,Switzerland,Cameroon,1,0,Pinnacle,1.77,3.57,5.42,API-Football-closing
150251,2022-11-24 13:00:00+00,FIFA World Cup,Uruguay,South Korea,0,0,Pinnacle,1.76,3.56,5.56,API-Football-closing
150252,2022-11-24 16:00:00+00,FIFA World Cup,Portugal,Ghana,3,2,Pinnacle,1.38,4.78,10.22,API-Football-closing
150253,2022-11-24 19:00:00+00,FIFA World Cup,Brazil,Serbia,2,0,Pinnacle,1.48,4.62,7.09,API-Football-closing
150258,2022-11-25 10:00:00+00,FIFA World Cup,Wales,Iran,0,2,Pinnacle,2.37,3.11,3.38,API-Football-closing
150254,2022-11-25 13:00:00+00,FIFA World Cup,Qatar,Senegal,1,3,Pinnacle,5.22,3.57,1.75,API-Football-closing
150255,2022-11-25 16:00:00+00,FIFA World Cup,Netherlands,Ecuador,1,1,Pinnacle,1.66,3.82,5.56,API-Football-closing
150256,2022-11-25 19:00:00+00,FIFA World Cup,England,USA,0,0,Pinnacle,1.59,3.99,6.07,API-Football-closing
150278,2022-11-26 10:00:00+00,FIFA World Cup,Tunisia,Australia,0,1,Pinnacle,2.58,3.08,3.07,API-Football-closing
150261,2022-11-26 13:00:00+00,FIFA World Cup,Poland,Saudi Arabia,2,0,Pinnacle,1.62,3.83,6.11,API-Football-closing
150262,2022-11-26 16:00:00+00,FIFA World Cup,France,Denmark,2,1,Pinnacle,2.12,3.21,3.9,API-Football-closing
150263,2022-11-26 19:00:00+00,FIFA World Cup,Argentina,Mexico,2,0,Pinnacle,1.51,4.13,7.24,API-Football-closing
150279,2022-11-27 10:00:00+00,FIFA World Cup,Japan,Costa Rica,0,1,Pinnacle,1.6,3.86,6.26,API-Football-closing
150264,2022-11-27 13:00:00+00,FIFA World Cup,Belgium,Morocco,0,2,Pinnacle,1.61,4.07,5.72,API-Football-closing
150265,2022-11-27 16:00:00+00,FIFA World Cup,Croatia,Canada,4,1,Pinnacle,1.74,3.73,5.04,API-Football-closing
150266,2022-11-27 19:00:00+00,FIFA World Cup,Spain,Germany,1,1,Pinnacle,2.51,3.5,2.82,API-Football-closing
150293,2022-12-05 15:00:00+00,FIFA World Cup,Japan,Croatia,1,1,Pinnacle,4.03,3.34,2.1,API-Football-closing
150295,2022-12-05 19:00:00+00,FIFA World Cup,Brazil,South Korea,4,1,Pinnacle,1.29,6.1,12,API-Football-closing
150294,2022-12-06 15:00:00+00,FIFA World Cup,Morocco,Spain,0,0,Pinnacle,7.18,3.94,1.58,API-Football-closing
150296,2022-12-06 19:00:00+00,FIFA World Cup,Portugal,Switzerland,6,1,Pinnacle,1.93,3.47,4.63,API-Football-closing
150297,2022-12-09 19:00:00+00,FIFA World Cup,Netherlands,Argentina,2,2,Pinnacle,3.79,3.2,2.21,API-Football-closing
151239,2021-06-28 16:00:00+00,UEFA Euro,Croatia,Spain,3,5,Pinnacle,6.75,3.95,1.61,API-Football-closing
151242,2021-06-29 16:00:00+00,UEFA Euro,England,Germany,2,0,Pinnacle,2.62,3.31,2.96,API-Football-closing
151241,2021-06-28 19:00:00+00,UEFA Euro,France,Switzerland,3,3,Pinnacle,1.68,3.75,6.25,API-Football-closing
151243,2021-06-29 19:00:00+00,UEFA Euro,Sweden,Ukraine,1,2,Pinnacle,2.48,3.19,3.28,API-Football-closing
150498,2024-06-25 16:00:00+00,UEFA Euro,France,Poland,1,1,Pinnacle,1.3,5.9,10.97,API-Football-closing
150493,2024-06-25 19:00:00+00,UEFA Euro,Denmark,Serbia,0,0,Pinnacle,2.28,3.52,3.26,API-Football-closing
150492,2024-06-25 19:00:00+00,UEFA Euro,England,Slovenia,0,0,Pinnacle,1.36,4.96,10.51,API-Football-closing
150499,2024-06-26 16:00:00+00,UEFA Euro,Ukraine,Belgium,0,0,Pinnacle,5.11,4.11,1.67,API-Football-closing
150495,2024-06-26 16:00:00+00,UEFA Euro,Slovakia,Romania,1,1,Pinnacle,3.29,2.04,3.88,API-Football-closing
150496,2024-06-26 19:00:00+00,UEFA Euro,Czech Republic,Türkiye,1,2,Pinnacle,2.55,3.4,2.88,API-Football-closing
150500,2024-06-26 19:00:00+00,UEFA Euro,Georgia,Portugal,2,0,Pinnacle,7.08,5.34,1.41,API-Football-closing
153745,2024-01-29 17:00:00+00,Africa Cup of Nations,Cape Verde Islands,Mauritania,1,0,Pinnacle,2.05,2.83,5.16,API-Football-closing
153746,2024-01-29 20:00:00+00,Africa Cup of Nations,Senegal,Ivory Coast,1,1,Pinnacle,2.29,3,3.8,API-Football-closing
153747,2024-01-30 17:00:00+00,Africa Cup of Nations,Mali,Burkina Faso,2,1,Pinnacle,2.33,2.77,4.12,API-Football-closing
153748,2024-01-30 20:00:00+00,Africa Cup of Nations,Morocco,South Africa,0,2,Pinnacle,1.6,3.65,7.29,API-Football-closing
153749,2024-02-02 17:00:00+00,Africa Cup of Nations,Nigeria,Angola,1,0,Pinnacle,1.74,3.31,6.07,API-Football-closing
153750,2024-02-02 20:00:00+00,Africa Cup of Nations,Congo DR,Guinea,3,1,Pinnacle,2.63,2.8,3.32,API-Football-closing
153753,2024-02-07 17:00:00+00,Africa Cup of Nations,Nigeria,South Africa,1,1,Pinnacle,1.65,3.38,7.49,API-Football-closing
153754,2024-02-07 20:00:00+00,Africa Cup of Nations,Ivory Coast,Congo DR,1,0,Pinnacle,2.2,2.91,4.25,API-Football-closing
350044,2025-12-21 19:00:00+00,Africa Cup of Nations,Morocco,Comoros,2,0,Pinnacle,1.13,8.46,26.45,API-Football-closing
350045,2025-12-22 14:00:00+00,Africa Cup of Nations,Mali,Zambia,1,1,Pinnacle,1.68,3.48,6.17,API-Football-closing
350047,2025-12-22 17:00:00+00,Africa Cup of Nations,South Africa,Angola,2,1,Pinnacle,2.46,2.76,3.72,API-Football-closing
350046,2025-12-22 20:00:00+00,Africa Cup of Nations,Egypt,Zimbabwe,2,1,Pinnacle,1.36,4.53,11.35,API-Football-closing
350051,2025-12-23 12:30:00+00,Africa Cup of Nations,Congo DR,Benin,1,0,Pinnacle,1.68,3.33,5.98,API-Football-closing
350050,2025-12-23 15:00:00+00,Africa Cup of Nations,Senegal,Botswana,3,0,Pinnacle,1.2,5.71,17.16,API-Football-closing
350048,2025-12-23 17:30:00+00,Africa Cup of Nations,Nigeria,Tanzania,2,1,Pinnacle,1.45,3.79,9.03,API-Football-closing
350049,2025-12-23 20:00:00+00,Africa Cup of Nations,Tunisia,Uganda,3,1,Pinnacle,1.64,3.5,6.01,API-Football-closing
350053,2025-12-24 12:30:00+00,Africa Cup of Nations,Burkina Faso,Equatorial Guinea,2,1,Pinnacle,1.78,3.26,5.28,API-Football-closing
350052,2025-12-24 15:00:00+00,Africa Cup of Nations,Algeria,Sudan,3,0,Pinnacle,1.4,4.03,10.06,API-Football-closing
350054,2025-12-24 17:30:00+00,Africa Cup of Nations,Ivory Coast,Mozambique,1,0,Pinnacle,1.34,4.52,10.42,API-Football-closing
350055,2025-12-24 20:00:00+00,Africa Cup of Nations,Cameroon,Gabon,1,0,Pinnacle,2.25,2.96,3.65,API-Football-closing
153997,2022-01-29 19:00:00+00,Africa Cup of Nations,Burkina Faso,Tunisia,1,0,Pinnacle,3.88,2.75,2.43,API-Football-closing
350059,2025-12-26 12:30:00+00,Africa Cup of Nations,Angola,Zimbabwe,1,1,Pinnacle,1.68,3.56,6.01,API-Football-closing
350058,2025-12-26 15:00:00+00,Africa Cup of Nations,Egypt,South Africa,1,0,Pinnacle,2.08,3.06,4.28,API-Football-closing
350057,2025-12-26 17:30:00+00,Africa Cup of Nations,Zambia,Comoros,0,0,Pinnacle,2.4,3.01,3.44,API-Football-closing
350056,2025-12-26 20:00:00+00,Africa Cup of Nations,Morocco,Mali,1,1,Pinnacle,1.54,3.84,7.36,API-Football-closing
350063,2025-12-27 12:30:00+00,Africa Cup of Nations,Benin,Botswana,1,0,Pinnacle,1.68,3.39,5.79,API-Football-closing
153048,2024-06-21 00:00:00+00,Copa America,Argentina,Canada,2,0,Pinnacle,1.3,5.77,11.39,API-Football-closing
153033,2024-06-22 00:00:00+00,Copa America,Peru,Chile,0,0,Pinnacle,3.94,3.1,2.19,API-Football-closing
153034,2024-06-22 22:00:00+00,Copa America,Ecuador,Venezuela,1,2,Pinnacle,1.83,3.47,4.95,API-Football-closing
153035,2024-06-23 01:00:00+00,Copa America,Mexico,Jamaica,1,0,Pinnacle,1.63,3.79,6.22,API-Football-closing
153036,2024-06-23 22:00:00+00,Copa America,USA,Bolivia,2,0,Pinnacle,1.2,6.97,15.48,API-Football-closing
153037,2024-06-24 01:00:00+00,Copa America,Uruguay,Panama,3,1,Pinnacle,1.28,5.94,12.25,API-Football-closing
153038,2024-06-24 22:00:00+00,Copa America,Colombia,Paraguay,2,1,Pinnacle,1.65,3.74,6.11,API-Football-closing
153049,2024-06-25 01:00:00+00,Copa America,Brazil,Costa Rica,0,0,Pinnacle,1.13,9.59,21.41,API-Football-closing
153050,2024-06-26 22:00:00+00,Copa America,Peru,Canada,0,1,Pinnacle,3.31,3.24,2.36,API-Football-closing
153039,2024-06-26 01:00:00+00,Copa America,Chile,Argentina,0,1,Pinnacle,7.99,4.4,1.46,API-Football-closing
153040,2024-06-27 22:00:00+00,Copa America,Ecuador,Jamaica,3,1,Pinnacle,1.53,4.1,7.01,API-Football-closing
153041,2024-06-27 01:00:00+00,Copa America,Venezuela,Mexico,1,0,Pinnacle,3.71,3.12,2.25,API-Football-closing
153042,2024-06-28 22:00:00+00,Copa America,Panama,USA,2,1,Pinnacle,7.64,4.45,1.41,API-Football-closing
153043,2024-06-28 01:00:00+00,Copa America,Uruguay,Bolivia,5,0,Pinnacle,1.15,7.66,16.07,API-Football-closing
153051,2024-06-29 22:00:00+00,Copa America,Colombia,Costa Rica,3,0,Pinnacle,1.42,4.37,7.68,API-Football-closing
153044,2024-06-29 01:00:00+00,Copa America,Paraguay,Brazil,1,4,Pinnacle,9.34,5.1,1.32,API-Football-closing
153045,2024-06-30 00:00:00+00,Copa America,Argentina,Peru,2,0,Betfair,1.17,1.05,1.11,API-Football-closing
153052,2024-06-30 00:00:00+00,Copa America,Canada,Chile,0,0,1xBet,3.4,3.31,2.3,API-Football-closing
153047,2024-07-01 00:00:00+00,Copa America,Mexico,Ecuador,0,0,Pinnacle,2.84,3.13,2.81,API-Football-closing
153046,2024-07-01 00:00:00+00,Copa America,Jamaica,Venezuela,0,3,Pinnacle,5.18,3.31,1.87,API-Football-closing
153093,2024-07-02 01:00:00+00,Copa America,Bolivia,Panama,1,3,Pinnacle,5.67,3.96,1.65,API-Football-closing
153094,2024-07-02 01:00:00+00,Copa America,USA,Uruguay,0,1,Pinnacle,2.48,3.34,3.02,API-Football-closing
153095,2024-07-03 01:00:00+00,Copa America,Brazil,Colombia,1,1,Pinnacle,1.85,3.61,4.59,API-Football-closing
153096,2024-07-03 01:00:00+00,Copa America,Costa Rica,Paraguay,2,1,Pinnacle,3.9,3.24,2.11,API-Football-closing
153101,2024-07-10 00:00:00+00,Copa America,Argentina,Canada,2,0,Pinnacle,1.33,5.11,11.71,API-Football-closing
153102,2024-07-11 00:00:00+00,Copa America,Uruguay,Colombia,0,1,Pinnacle,2.94,2.81,3.01,API-Football-closing
153635,2024-01-14 17:00:00+00,Africa Cup of Nations,Egypt,Mozambique,2,2,Pinnacle,1.39,4.42,11.01,API-Football-closing
153636,2024-01-14 20:00:00+00,Africa Cup of Nations,Ghana,Cape Verde Islands,1,2,Pinnacle,1.88,3.32,4.96,API-Football-closing
153634,2024-01-14 14:00:00+00,Africa Cup of Nations,Nigeria,Equatorial Guinea,1,1,Pinnacle,2.24,3,3.95,API-Football-closing
153696,2024-01-21 20:00:00+00,Africa Cup of Nations,South Africa,Namibia,4,0,Pinnacle,1.74,3.23,5.49,API-Football-closing
153700,2024-01-22 20:00:00+00,Africa Cup of Nations,Cape Verde Islands,Egypt,2,2,Pinnacle,6.76,4.08,1.55,API-Football-closing
153699,2024-01-22 20:00:00+00,Africa Cup of Nations,Mozambique,Ghana,2,2,Pinnacle,6.01,3.71,1.66,API-Football-closing
153702,2024-01-23 17:00:00+00,Africa Cup of Nations,Gambia,Cameroon,2,3,Pinnacle,6.72,3.52,1.65,API-Football-closing
153701,2024-01-23 17:00:00+00,Africa Cup of Nations,Guinea,Senegal,0,2,Pinnacle,3.91,2.78,2.39,API-Football-closing
153704,2024-01-23 20:00:00+00,Africa Cup of Nations,Mauritania,Algeria,1,0,Pinnacle,10.73,4.84,1.35,API-Football-closing
153703,2024-01-23 20:00:00+00,Africa Cup of Nations,Angola,Burkina Faso,2,0,Pinnacle,3.99,2.73,2.4,API-Football-closing
153706,2024-01-24 17:00:00+00,Africa Cup of Nations,Namibia,Mali,0,0,Pinnacle,7.46,3.59,1.57,API-Football-closing
153705,2024-01-24 17:00:00+00,Africa Cup of Nations,South Africa,Tunisia,0,0,Pinnacle,3.65,3.04,2.26,API-Football-closing
153707,2024-01-24 20:00:00+00,Africa Cup of Nations,Tanzania,Congo DR,0,0,Pinnacle,5.99,3.94,1.59,API-Football-closing
153708,2024-01-24 20:00:00+00,Africa Cup of Nations,Zambia,Morocco,0,1,Pinnacle,6.62,3.78,1.58,API-Football-closing
379907,2026-03-26 20:00:00+00,International Friendlies,Brazil,France,1,2,Pinnacle,3.02,3.7,2.2,API-Football-closing
379908,2026-03-26 23:30:00+00,International Friendlies,Colombia,Croatia,1,2,1xBet,2.6,3.23,3.07,API-Football-closing
153712,2024-01-28 20:00:00+00,Africa Cup of Nations,Egypt,Congo DR,1,1,Pinnacle,2.57,2.88,3.38,API-Football-closing
153996,2022-01-29 16:00:00+00,Africa Cup of Nations,Gambia,Cameroon,0,2,Pinnacle,8.89,3.38,1.59,API-Football-closing
153998,2022-01-30 15:00:00+00,Africa Cup of Nations,Egypt,Morocco,2,1,Pinnacle,3.36,2.7,2.66,API-Football-closing
153999,2022-01-30 19:00:00+00,Africa Cup of Nations,Senegal,Equatorial Guinea,3,1,Pinnacle,1.58,3.49,7.52,API-Football-closing
350095,2026-01-18 19:00:00+00,Africa Cup of Nations,Senegal,Morocco,0,3,Pinnacle,3.79,2.85,2.27,API-Football-closing
153097,2024-07-05 01:00:00+00,Copa America,Argentina,Ecuador,1,1,Pinnacle,1.49,3.99,9.1,API-Football-closing
153098,2024-07-06 01:00:00+00,Copa America,Venezuela,Canada,1,1,Pinnacle,2.64,2.98,3.14,API-Football-closing
153099,2024-07-06 22:00:00+00,Copa America,Colombia,Panama,5,0,Pinnacle,1.32,5.19,11.11,API-Football-closing
153100,2024-07-07 01:00:00+00,Copa America,Uruguay,Brazil,0,0,Pinnacle,2.91,3.04,2.78,API-Football-closing
154003,2022-02-05 19:00:00+00,Africa Cup of Nations,Burkina Faso,Cameroon,3,3,Pinnacle,4.49,3.49,1.93,API-Football-closing
154002,2022-02-06 19:00:00+00,Africa Cup of Nations,Senegal,Egypt,0,0,Pinnacle,2.26,2.85,4.24,API-Football-closing
153103,2024-07-14 00:00:00+00,Copa America,Canada,Uruguay,2,2,Pinnacle,6.1,4.5,1.53,API-Football-closing
350094,2026-01-17 16:00:00+00,Africa Cup of Nations,Egypt,Nigeria,0,0,Pinnacle,4.29,3.2,2.02,API-Football-closing
350061,2025-12-27 17:30:00+00,Africa Cup of Nations,Uganda,Tanzania,1,1,Pinnacle,2.53,2.95,3.11,API-Football-closing
153948,2022-01-23 16:00:00+00,Africa Cup of Nations,Burkina Faso,Gabon,1,1,Pinnacle,2.45,2.82,3.7,API-Football-closing
153949,2022-01-23 19:00:00+00,Africa Cup of Nations,Nigeria,Tunisia,0,1,Pinnacle,1.73,3.34,6.26,API-Football-closing
153751,2024-02-03 17:00:00+00,Africa Cup of Nations,Mali,Ivory Coast,1,2,Pinnacle,3.52,2.78,2.57,API-Football-closing
153752,2024-02-03 20:00:00+00,Africa Cup of Nations,Cape Verde Islands,South Africa,0,0,Pinnacle,2.74,2.89,3.11,API-Football-closing
350090,2026-01-10 16:00:00+00,Africa Cup of Nations,Algeria,Nigeria,0,2,Pinnacle,3.47,3.01,2.39,API-Football-closing
350083,2026-01-04 19:00:00+00,Africa Cup of Nations,South Africa,Cameroon,1,2,Pinnacle,3.47,2.72,2.51,API-Football-closing
350060,2025-12-27 20:00:00+00,Africa Cup of Nations,Nigeria,Tunisia,3,2,Pinnacle,2.42,2.8,3.51,API-Football-closing
350067,2025-12-28 12:30:00+00,Africa Cup of Nations,Gabon,Mozambique,2,3,Betfair,1.83,3.2,4.5,API-Football-closing
350064,2025-12-28 17:30:00+00,Africa Cup of Nations,Algeria,Burkina Faso,1,0,Betfair,1.9,3.2,4.5,API-Football-closing
153709,2024-01-27 17:00:00+00,Africa Cup of Nations,Angola,Namibia,3,0,Pinnacle,2.46,2.81,3.69,API-Football-closing
153710,2024-01-27 20:00:00+00,Africa Cup of Nations,Nigeria,Cameroon,2,0,Pinnacle,2.17,2.96,4.25,API-Football-closing
153711,2024-01-28 17:00:00+00,Africa Cup of Nations,Equatorial Guinea,Guinea,0,1,Pinnacle,4.11,2.86,2.27,API-Football-closing
153755,2024-02-10 20:00:00+00,Africa Cup of Nations,South Africa,Congo DR,0,0,Pinnacle,3.53,3.22,2.27,API-Football-closing
153756,2024-02-11 20:00:00+00,Africa Cup of Nations,Nigeria,Ivory Coast,1,2,Pinnacle,2.84,2.77,3.13,API-Football-closing
350091,2026-01-10 19:00:00+00,Africa Cup of Nations,Egypt,Ivory Coast,3,2,Pinnacle,3.84,2.8,2.37,API-Football-closing
350080,2026-01-03 16:00:00+00,Africa Cup of Nations,Senegal,Sudan,3,1,Pinnacle,1.15,7.5,23.88,API-Football-closing
350081,2026-01-03 19:00:00+00,Africa Cup of Nations,Mali,Tunisia,1,1,Pinnacle,2.58,2.68,3.59,API-Football-closing
350082,2026-01-04 16:00:00+00,Africa Cup of Nations,Morocco,Tanzania,1,0,Pinnacle,1.15,6.98,20.58,API-Football-closing
151238,2021-06-27 16:00:00+00,UEFA Euro,Netherlands,Czech Republic,0,2,Pinnacle,1.68,3.99,5.54,API-Football-closing
151240,2021-06-27 19:00:00+00,UEFA Euro,Belgium,Portugal,1,0,Pinnacle,2.54,3.23,3.13,API-Football-closing
151217,2021-06-26 19:00:00+00,UEFA Euro,Italy,Austria,2,1,Pinnacle,1.57,4,7.25,API-Football-closing
151216,2021-06-26 16:00:00+00,UEFA Euro,Wales,Denmark,0,4,Pinnacle,4.96,3.3,1.94,API-Football-closing
150299,2022-12-09 15:00:00+00,FIFA World Cup,Croatia,Brazil,1,1,Pinnacle,8.8,5.06,1.4,API-Football-closing
150300,2022-12-10 15:00:00+00,FIFA World Cup,Morocco,Portugal,1,0,Pinnacle,5.76,3.84,1.69,API-Football-closing
151246,2021-07-02 16:00:00+00,UEFA Euro,Switzerland,Spain,1,1,Pinnacle,6.15,3.9,1.66,API-Football-closing
151247,2021-07-03 19:00:00+00,UEFA Euro,Ukraine,England,0,4,Pinnacle,9.04,4.36,1.46,API-Football-closing
150289,2022-12-03 15:00:00+00,FIFA World Cup,Netherlands,USA,3,1,Pinnacle,2.06,3.34,4.21,API-Football-closing
150291,2022-12-03 19:00:00+00,FIFA World Cup,Argentina,Australia,2,1,Pinnacle,1.27,6.3,13.5,API-Football-closing
150292,2022-12-04 15:00:00+00,FIFA World Cup,France,Poland,3,1,Pinnacle,1.33,5.32,11.66,API-Football-closing
150290,2022-12-04 19:00:00+00,FIFA World Cup,England,Senegal,3,0,Pinnacle,1.54,3.96,8.13,API-Football-closing
150531,2024-07-05 19:00:00+00,UEFA Euro,Portugal,France,0,0,Pinnacle,3.45,3.04,2.44,API-Football-closing
150501,2024-06-29 16:00:00+00,UEFA Euro,Switzerland,Italy,2,0,Pinnacle,3.31,2.87,2.66,API-Football-closing
150323,2022-12-17 15:00:00+00,FIFA World Cup,Croatia,Morocco,2,1,Pinnacle,2.39,3.52,3.09,API-Football-closing
150324,2022-12-18 15:00:00+00,FIFA World Cup,Argentina,France,3,3,Pinnacle,2.73,3.16,2.93,API-Football-closing
151250,2021-07-11 19:00:00+00,UEFA Euro,Italy,England,1,1,Pinnacle,3.48,3,2.51,API-Football-closing
150502,2024-06-29 19:00:00+00,UEFA Euro,Germany,Denmark,2,0,Pinnacle,1.63,3.95,6.02,API-Football-closing
150503,2024-06-30 16:00:00+00,UEFA Euro,England,Slovakia,2,1,Pinnacle,1.45,4.07,10.4,API-Football-closing
150504,2024-06-30 19:00:00+00,UEFA Euro,Spain,Georgia,4,1,Pinnacle,1.2,7.15,17.06,API-Football-closing
150532,2024-07-06 19:00:00+00,UEFA Euro,Netherlands,Türkiye,2,1,Pinnacle,1.6,4.2,5.75,API-Football-closing
150535,2024-07-14 19:00:00+00,UEFA Euro,Spain,England,2,1,Pinnacle,2.47,2.47,3.57,API-Football-closing
